<?xml version="1.0" encoding="UTF-8"?>
<main>
   <config>
      <hasPipVideo type="Boolean">0</hasPipVideo>
      <hasPipOverlay type="Boolean">0</hasPipOverlay>
      <hasToc type="Boolean">0</hasToc>
      <hasAudio type="Boolean">1</hasAudio>
      <mainVidIsFlv type="Boolean">0</mainVidIsFlv>
      <skinTheme>classic</skinTheme>
      <autoStart type="Boolean">1</autoStart>
      <backgroundColor>FFFFFF</backgroundColor>
      <showLoadingMov type="Boolean">1</showLoadingMov>
      <scaleLoadingMov type="Boolean">1</scaleLoadingMov>
      <loadingMovPercentToLoad type="Number">50</loadingMovPercentToLoad>
      <loadingMovMinDuration type="Number">3</loadingMovMinDuration>
      <controllerColor type="Number">0xC0C0C0</controllerColor>
      <showAbout type="Boolean">0</showAbout>
      <aboutBoxText></aboutBoxText>
      <timeDisplayFormat>MM:SS</timeDisplayFormat>
      <showDuration type="Boolean">1</showDuration>
      <showElapsedTime type="Boolean">1</showElapsedTime>
      <timeDisplayFont>Arial</timeDisplayFont>
      <timeDisplayFontColor type="Number">0x000000</timeDisplayFontColor>
      <okLabel>OK</okLabel>
      <localSecurityWarningTitle>Important</localSecurityWarningTitle>
      <localSecurityWarning>This action is not allowed by the default Flash Player security settings when the content is played from a hard drive or CD.  Once the content is moved to a web server, it should function as expected, and you should not see this message.

For other distribution methods, or to understand how the Flash Player security settings affect this content, please see the &quot;Flash Player Security&quot; topic in the Camtasia Studio help file.



  </localSecurityWarning>
      <includeScoreInEmail type="Boolean">0</includeScoreInEmail>
      <endAction>Stop</endAction>
      <!-- delete this line to disable warning -->
      <endActionParam></endActionParam>
      <controlsWidth type="Number">1024</controlsWidth>
      <controlsHeight type="Number">600</controlsHeight>
      <video1>
         <width type="Number">1024</width>
         <height type="Number">600</height>
      </video1>
      <pip>
         <width type="Number">0</width>
         <height type="Number">0</height>
      </pip>
      <toc>
         <x type="Number">0</x>
         <y type="Number">0</y>
         <width type="Number">0</width>
         <height type="Number">0</height>
         <!-- AlternatingRowColors takes precedence over BackgroundColor and RowDepthColors takes precedence over both AlternatingRowColors and BackgroundColor -->
         <backgroundColor type="Number"></backgroundColor>
         <!-- accepts a hex value -->
         <alternatingRowColors>
            <!-- row alternate color based on the array of color values (row 1 = the value of the first color, row 2 = the value of the second color, row 3 equals the value of the first color, etc. -->
            <array>
               <!-- accepts two or more hex colors ( add additional Colors tags if more are needed ) -->
               <colors type="Number"></colors>
               <colors type="Number"></colors>
            </array>
         </alternatingRowColors>
         <rowDepthColors>
            <!-- color is based on the rows depth in the tree hierarchy -->
            <array>
               <!-- accepts two or more hex colors colors in the form of 0xFFFFFF ( add additional Colors tags if more are needed ) -->
               <colors type="Number"></colors>
               <!-- accepts a hex value -->
               <colors type="Number"></colors>
               <!-- accepts a hex value -->
            </array>
         </rowDepthColors>
         <rowRollOverColor type="Number">0xA4A4A4</rowRollOverColor>
         <!-- color of the row on mouse roll over - ignored if UseRollOver is false -->
         <rowSelectedColor type="Number">0xC0C0C0</rowSelectedColor>
         <!-- color of the row when it is the currently active row -->
         <rowIndentation>10</rowIndentation>
         <!-- number of pixels each row of a tree is indented -->
         <borderStyle>solid</borderStyle>
         <!-- none, inset, outset, solid -->
         <textColor type="Number">0x000000</textColor>
         <!-- the font color of tree items -->
         <fontFamily>_sans</fontFamily>
         <!-- the name of the font to be used, i.e. Arial, Times New Roman, HelveticaNeueLT Std  -->
         <fontSize type="Number">12</fontSize>
         <fontWeight>none</fontWeight>
         <!-- none, bold -->
         <textAlign>left</textAlign>
         <!-- left, right, center -->
         <textDecoration>none</textDecoration>
         <!-- none, underline -->
         <textIndent type="Number">0</textIndent>
         <textRollOverColor type="Number">0x000000</textRollOverColor>
         <!-- color of text on mouse roll over - ignored if UseRollOver is false -->
         <textSelectedColor type="Number">0x000000</textSelectedColor>
         <!-- color of text when row is selected -->
         <useRollOver type="Boolean">0</useRollOver>
         <!-- Use boolean numerical equivalents( 0 = false, 1 = true ) if set to false the rollover colors for the text and row are ignored -->
         <collapsible type="Boolean">0</collapsible>
         <!-- if false, the collapsible nature of the tree is disabled -->
      </toc>   
   </config>
   <playlist>
      <array>
         <fileset>
            <video1>
               <duration type="Number">205</duration>
               <uri>bstaCharts.swf</uri>
               <frameRate type="Number">11</frameRate>
               <keyframeRate type="Number">0</keyframeRate>
               <blendingMode>Normal</blendingMode>
               <isFlv type="Boolean">0</isFlv>
            </video1>
            <pip>
               <duration type="Number">0.00</duration>
               <frameRate type="Number">0</frameRate>
               <keyframeRate type="Number">30</keyframeRate>
               <uri>bstaCharts_PIP.flv</uri>   
            </pip>
            <hasPipVideo type="Boolean">0</hasPipVideo>
            <hotspotInfo>
               
            </hotspotInfo>
            <quizInfo>
               
            </quizInfo>

         </fileset>
      </array>

   </playlist>   
   <tocInfo>
      
   </tocInfo>
</main>